Tweet ID,URL,Content,Likes,Retweets,Replies,Quotes,Views,Date
1925382138473443357,https://x.com/vanessap_s/status/1925382138473443357,"valha minha nossa senhora que antibi√≥tico caro da peste √© esse tal de amoxilina com clavulanato 875, era mais f√°cil me aplicar a benzetacil e eu vinha pra casa chorando feliz da vida",0,0,1,0,16,"May 22, 2025 at 02:44 AM"
1925359795357311177,https://x.com/oJuka_h/status/1925359795357311177,De boas tomar amoxilina com creatina?,0,0,0,0,9,"May 22, 2025 at 01:15 AM"
1925351934615015786,https://x.com/https__frnk/status/1925351934615015786,"minha m√£e estava achando ruim que eu estou tomando Tylenol pra dor de sinusite, mas agora ela simplesmente me entregou uma cartela de AMOXILINA sem receita e brigou comigo pra tomar",0,0,0,0,10,"May 22, 2025 at 12:44 AM"
1925350827750727780,https://x.com/hongdababy/status/1925350827750727780,@luvsickhannie amoxilina fresquinha,1,0,0,0,26,"May 22, 2025 at 12:39 AM"
1925345713870819505,https://x.com/antonel228/status/1925345713870819505,Alguien m√°s con neumon√≠a? Digo para sentarnos a comer amoxilina juntos,0,0,0,0,2,"May 22, 2025 at 12:19 AM"
1925264124314886638,https://x.com/heyoliveiraana/status/1925264124314886638,"Atualiza√ß√£o, o novo combo √©:
Amoxilina, xarope, predinisolona e desloratadina + vitamina C + pr√≥polis üòÇ",0,0,0,0,40,"May 21, 2025 at 06:55 PM"
1925229952871334255,https://x.com/apropriakelly/status/1925229952871334255,"@kleriene18 Putaquepariu para todos os m√©dicos de plant√µes que pedem raio x toda santa vez que as crian√ßas v√£o com febre e dor na garganta. Al√©m disso, raio x sem necessidade, metem um clavulanato com amoxilina. V√©io que √≥dio disso. Com os meus fizeram isso umas 6 vezes j√°",2,0,1,0,776,"May 21, 2025 at 04:39 PM"
1925205948659835016,https://x.com/pjmrussell/status/1925205948659835016,nossa senhora oque um amoxilina n√£o faz? tava derrubada desde s√°bado e hoje (um dia de antibi√≥tico) estou nova.,0,0,0,0,12,"May 21, 2025 at 03:04 PM"
1924989708880298375,https://x.com/mcapitulina/status/1924989708880298375,"Como pode eu ter pedido a mochila de Thalia, arrumado essa mochila ontem pra n√£o esquecer a Amoxilina e adivinha o que eu esqueci?

ISSO MESMO, a amoxilina",0,0,0,0,10,"May 21, 2025 at 12:44 AM"
1924978762279469355,https://x.com/bfrmnc/status/1924978762279469355,E daria a minha vida por uma amoxilina agora,0,0,0,0,37,"May 21, 2025 at 12:01 AM"
1924942717227876368,https://x.com/Evaldoaraujo555/status/1924942717227876368,"@bielconn Tome uma Amoxilina de 500.

Toda febre e resultante de uma inflama√ß√£o..ent√£o um anti inflamat√≥rio seria um ponto de partida ok.",0,0,0,0,19,"May 20, 2025 at 09:38 PM"
1924929645423603935,https://x.com/heyoliveiraana/status/1924929645423603935,"Combo do dia: amoxilina, vitamina C, pr√≥polis e paracetamol",0,0,0,1,81,"May 20, 2025 at 08:46 PM"
1924855318590140757,https://x.com/tloukills/status/1924855318590140757,@trulyzning mano... me passaram esse dexametasona pq meu olho t√° inchando (acordei assim hoje) agora fiquei com medo kkkkkk eu t√¥ tomando amoxilina e arflex (terminei o ciclo hj) fora dipirona 1g pra dor,0,0,0,0,11,"May 20, 2025 at 03:50 PM"
1924854108365766750,https://x.com/Romeuzzao/status/1924854108365766750,"@Eduardoigbrasil Amoxilina tmbm √© meu curinga em
Viagem. Anos e anos de am√≠gdala inflamada. J√° sou pHd na automedica√ß√£o. Imagina ter que explicar em outra l√≠ngua garganta inflamada atb por favorz",0,0,0,0,9,"May 20, 2025 at 03:45 PM"
1924811877206348123,https://x.com/pandocah/status/1924811877206348123,Pqp a m√©dica me receitou amoxilina e o comprimido √© o maior que j√° vi na vida como eu vou engolir isso s√≥ deus sabe,0,0,0,0,62,"May 20, 2025 at 12:58 PM"
1924802450583666968,https://x.com/ticianelopes3/status/1924802450583666968,P√©rola √© muito aben√ßoada nem acredito q peguei amoxilina com clavulanato aq na cl√≠nica üôåüèªüôåüèªüôåüèªüôåüèª,0,0,0,0,159,"May 20, 2025 at 12:20 PM"
1924802249051537755,https://x.com/joy_ofmissinout/status/1924802249051537755,"Eu nem sou m√©dica e minha bolsinha de rem√©dios pra viagem internacional √© quase assim (s√≥ nao tinha amoxilina, agora vou passar no meu m√©dico e pedir kkkkkk).",0,0,0,0,29,"May 20, 2025 at 12:19 PM"
1924773620825399517,https://x.com/ticianelopes3/status/1924773620825399517,"Vou pegar lg os rem√©dios da p√©rola, se n tiver essa amoxilina vou ter q comprar  e n √© nada baratinha ü§¶üèª‚Äç‚ôÄÔ∏è",0,0,0,0,148,"May 20, 2025 at 10:26 AM"
1924662959428501670,https://x.com/leangilxv/status/1924662959428501670,3 dia tomando amoxilina comecei a sentir o primeiro efeito colateral ü•¥,0,0,0,0,22,"May 20, 2025 at 03:06 AM"
1924588836404756699,https://x.com/anaili76/status/1924588836404756699,@roxanacastel Para el otitis me dio amoxilina est√° bien eso? Ya ni en los m√©dicos conf√≠o,1,0,1,0,10,"May 19, 2025 at 10:11 PM"
1924543403137589252,https://x.com/alexnunder/status/1924543403137589252,@WINTERBEICOLA usei ibuprofeno horrores pra amigdalite pq n consegui receita pra amoxilina üò© mas s√≥ alivia a dor msm,0,0,1,0,39,"May 19, 2025 at 07:11 PM"
1924415309978439752,https://x.com/lorranelucca/status/1924415309978439752,Garganta do miguel ruim dei logo amoxilina.,0,0,0,0,72,"May 19, 2025 at 10:42 AM"
1924296311529959867,https://x.com/numcolapso/status/1924296311529959867,Vou me encher de amoxilina paracetamol dipirona dorflex e ibuprofeno,0,0,0,0,19,"May 19, 2025 at 02:49 AM"
1924256533908525354,https://x.com/victorg36198511/status/1924256533908525354,@petrogustavo @AlvaroUribeVel @JuanManSantos @IvanDuque @FuerzasMilCol @PoliciaColombia @realDonaldTrump @VP @ONU_es se√±ores tomo complejo b tiamina amoxilina acetaminofen para deter ese aparato lee mentes que quiere destruir a los militares policias ni√±os de colombia ayudenme. https://t.co/cvIFAhIu1q,1,1,0,0,11,"May 19, 2025 at 12:11 AM"
1924113423874314663,https://x.com/am4nd0ca_/status/1924113423874314663,"oi amigos do tt, a amoxilina vai levar minha vida embora",0,0,0,0,2,"May 18, 2025 at 02:42 PM"
1923873454102556748,https://x.com/Ricarda99340809/status/1923873454102556748,"@N_Carvalheira Melhoras !!!  Se cuide !! Aqui foram 3 pessoas e tomamos ivermectina, amoxilina, vitamina C, cisteil e muita f√© em Deus.",0,0,0,0,14,"May 17, 2025 at 10:49 PM"
1923857978920140998,https://x.com/Vesperth/status/1923857978920140998,"@flavioobom Acho que amoxilina‚Ä¶ a m√©dica dele √© tradicional. E manda fazer nebuliza√ß√µes, lavagem, etc‚Ä¶ mas, ele toma muito leite. Isso evita ferir o est√¥mago. Quando est√° assim vai uns tr√™s litros de leite por dia‚Ä¶ ele e a Maria (minha sobrinha) j√° nasceram com sinusite, tadinhos. https://t.co/tcBVp6e5gm",1,0,1,0,27,"May 17, 2025 at 09:47 PM"
1923835972086648939,https://x.com/gabtriiste/status/1923835972086648939,"me recuso a ficar doente, amoxilina e benegripe amanh√£ bem cedo",0,0,0,0,65,"May 17, 2025 at 08:20 PM"
1923833181813268846,https://x.com/rouffzain/status/1923833181813268846,tr√™s dias com a garganta ruim n√£o acredito que vou ter que apelar pra amoxilina,0,0,0,0,30,"May 17, 2025 at 08:09 PM"
1923775347289436537,https://x.com/claudinhosxs2/status/1923775347289436537,tomei quatro amoxilina de um grama vamo pra cima,0,0,0,0,6,"May 17, 2025 at 04:19 PM"
1923737086739247587,https://x.com/luigizudo/status/1923737086739247587,@AnaMaraTrindad3 amiguxa eu SEI a dor q vc t√° passando‚Ä¶ nada q uma amoxilina com prednisona n√£o resolvam https://t.co/1kGQGHJo8f,1,0,1,0,17,"May 17, 2025 at 01:47 PM"
1923718316217991608,https://x.com/custelladeadao/status/1923718316217991608,"Dipirona pro cafe
Amoxilina pro almo√ßo
Ibuprofeno pro cafe da tarde 
Nimesulida pra janta 
üòãüòãüòãüòã",1,0,0,0,17,"May 17, 2025 at 12:32 PM"
1923579672232624373,https://x.com/ptqlaura/status/1923579672232624373,meu sonho era ficar pelo menos 6 meses sem ter que tomar amoxilina pqp nao aguento mais,0,0,0,0,29,"May 17, 2025 at 03:21 AM"
1923569285529588206,https://x.com/brubreiz/status/1923569285529588206,"se eu n tomasse umas 40
gotas de clonazepa@m , 2 compromidos de clonazep@m, e 3 quetiapina (fora 2 rem√©dios de gripe, 1 antial√©rgico, 1 amoxilina n√£o seria eu!!
 
estou meramente triste pq minha cabe√ßa  s√≥ pensa o quanto eu sou uma merda mesmo e e quanto eu queria ser RUIM!",0,0,0,0,38,"May 17, 2025 at 02:40 AM"
1923561566022054319,https://x.com/aylamariia/status/1923561566022054319,"Tirei as am√≠gdalas aos 6 anos de idade. Pois a benzetacil, amoxilina e os crlh td, n faziam mais efeito e eu vivia c amigdalite. Dps disso, raramente eu fico doente. E qnd adoe√ßo √© a faringe q inflama, e acho q √© mil vezes pior q as am√≠gdalas. To c mt dor e rouca. N to bemüò©",0,0,0,0,93,"May 17, 2025 at 02:09 AM"
1923523257652724100,https://x.com/pipiizn/status/1923523257652724100,como e viver sem amoxilina e dipirona 24h gente n lembro mais,0,0,2,0,57,"May 16, 2025 at 11:37 PM"
1923509241643516247,https://x.com/taeraeeyaa/status/1923509241643516247,meu est√¥mago t√° doendo tantoooo odeio amoxilina,0,0,0,0,9,"May 16, 2025 at 10:41 PM"
1923440848454173080,https://x.com/whysosexydemi/status/1923440848454173080,"minha m√£e me perturbando pra eu ir no m√©dico pra ver essa tosse minha, e agora t√° me xingando do remedio que eu tenho que comprar, que eu gasto demais etc etc‚Ä¶ eu indo no m√©dico eles iam me dar amoxilina de gra√ßa?",0,0,1,0,37,"May 16, 2025 at 06:10 PM"
1923403270719995956,https://x.com/porto_mecanico/status/1923403270719995956,"@N_Carvalheira @DelmaBrandao Melhoras a√≠ caro amigo!
Meu filho tamb√©m est√° muito resfriado, t√° na amoxilina + um monte de outros rem√©dios.
Aqui na minha regi√£o tem tido uma varia√ß√£o muito grande de temperaturas.",1,0,0,0,51,"May 16, 2025 at 03:40 PM"
1923396941246791818,https://x.com/JhopeJoestar/status/1923396941246791818,mermao amoxilina √© uma peste me derrubou de jeito mas t√¥ indo la assistir o mv e botar o yb pra rodar,0,0,0,0,13,"May 16, 2025 at 03:15 PM"
1923391776427012242,https://x.com/sokkaralho/status/1923391776427012242,"@hygnusss Mano q m√©dicos horr√≠veis s√£o esses, amoxilina eh pra tirar o pus na cara nos primeiros 7 dias e o treco de xiringar √© todos os dias na season que vc acha q ataca mais, eu por exemplo estou usando agr e s√≥ vou parar em outubro q √© quando o ver√£o chega de vez",0,0,1,0,28,"May 16, 2025 at 02:55 PM"
1923366548678348946,https://x.com/RenanEru/status/1923366548678348946,um desconforto quando chamam amoxicilina de amoxilina,2,0,1,0,135,"May 16, 2025 at 01:14 PM"
1923346735629320427,https://x.com/blessedyasss/status/1923346735629320427,"1 dia antes de viajar com a garganta e ouvindo doendo, n√£o √© poss√≠velüò≠üò≠ to tacando v√°rias amoxilina pra dentroüòÇüòÇ",0,0,0,0,78,"May 16, 2025 at 11:56 AM"
1923240435184538028,https://x.com/el_larrosa/status/1923240435184538028,amanh√£ estarei engolindo comprimido de amoxilina com cerveja pq o gelo n√£o para e nem pode parar,0,0,0,0,54,"May 16, 2025 at 04:53 AM"
1923224124349935745,https://x.com/kgavvv/status/1923224124349935745,tava tomando cimegripe e agr fui pro amoxilina kkk quero saber qual o proximoü§îü§Ø,0,0,0,0,40,"May 16, 2025 at 03:48 AM"
1923210210442654197,https://x.com/journxIz/status/1923210210442654197,@beIiebws amoxilina pura,0,0,1,0,16,"May 16, 2025 at 02:53 AM"
1923207422266527921,https://x.com/missdisc0/status/1923207422266527921,Amoxilina salva uma vida n√©,1,0,0,0,42,"May 16, 2025 at 02:42 AM"
1923186663443841126,https://x.com/bigboobsfat/status/1923186663443841126,"@calcinhadosanji N√£o, acho um casal estranho mas tem um sabor bom, tipo amoxilina de crian√ßa",0,0,1,0,22,"May 16, 2025 at 01:20 AM"
1923183650570477702,https://x.com/amneasiac/status/1923183650570477702,ai eu to tendo q tomar amoxilina de 8 em 8h e quando d√° a s√©tima hora eu ja to simplesmente DESABANDO a febre volta minha garganta fecha meu nariz entope minha vis√£o fica turva e meu p√© come√ßa a congelar de frio kkkk https://t.co/DislH7H75D,7,0,3,0,14,"May 16, 2025 at 01:08 AM"
1923139785763262677,https://x.com/gabistani/status/1923139785763262677,xixi com cheiro de amoxilina https://t.co/0HsUyIzhUG,0,0,0,0,24,"May 15, 2025 at 10:13 PM"
1923135522882392066,https://x.com/hagovlike/status/1923135522882392066,"Hoy vino un veneco que ya lo tengo medio cruzado

-Que andabas buscando?
-Una ""amoxilina""
-Eh... de cuanto te dio el medico?
-No es de venta libre eso?

Una ""amoxilina""...un cachetazo en la jeta te voy dar",28,1,3,0,445,"May 15, 2025 at 09:56 PM"
1923060474796536121,https://x.com/evy_castro94/status/1923060474796536121,"@gabyfilg Fui na farm√°cia para comprar amoxilina e clinil A com receita da Upa, o atendente n√£o falou nada e paguei por tudo em 3x. No dia seguinte minha psic√≥loga (volunt√°ria) me perguntou pq n√£o peguei o Clinil A como farm√°cia popular, na farm√°cia que fui tbm aceita. E n√£o sabia üòë",0,0,0,0,27,"May 15, 2025 at 04:58 PM"
1923028817242620319,https://x.com/aquelegayy/status/1923028817242620319,@m4_c3d0 Azitromicina a pioral n√£o faz efeito de nada üëé buuuuuuu amoxilina + clavulin &gt;&gt;&gt;&gt;&gt;&gt;,0,0,1,0,26,"May 15, 2025 at 02:52 PM"
1923008865676779649,https://x.com/a_sacerdotis/status/1923008865676779649,vai se foder Amoxilina dos infernos vc est√° acabando com o meu apetite,0,0,0,0,29,"May 15, 2025 at 01:33 PM"
1922993918045569514,https://x.com/sainzvie/status/1922993918045569514,te odeio amoxilina,0,0,0,0,27,"May 15, 2025 at 12:34 PM"
1922799968294711382,https://x.com/Melissavitori9/status/1922799968294711382,"Tive que apelar pra amoxilina, odeio ficar gripada",0,0,0,0,85,"May 14, 2025 at 11:43 PM"
1922796948395827419,https://x.com/nanykelly714/status/1922796948395827419,amoxilina antes de fazer efeito quase te mata primeiro n√©,0,0,0,0,85,"May 14, 2025 at 11:31 PM"
1922787047657357533,https://x.com/laura_syp/status/1922787047657357533,Ia pra academia mas os antibi√≥ticos que to tomando resolver bater tudo de uma vez kkkkkkkk to chapadinha de amoxilina dipirona  e nimesulida ü§°,0,0,0,0,2,"May 14, 2025 at 10:52 PM"
1922772755155505210,https://x.com/miritizim/status/1922772755155505210,@navizinho (queria amoxilina,1,0,1,0,27,"May 14, 2025 at 09:55 PM"
1922771890952700293,https://x.com/flaviacordee/status/1922771890952700293,"@kctkarol Exatamente isso que a m√©dica passou, est√° tomando Amoxilina e duas bombinhas.",0,0,1,0,14,"May 14, 2025 at 09:51 PM"
1922666055328989270,https://x.com/94_westcoast/status/1922666055328989270,Eu at√© hoje tendo que tomar amoxilina e pastilha pra garganta,0,0,0,0,46,"May 14, 2025 at 02:51 PM"
1922650958774808589,https://x.com/ladylauracg/status/1922650958774808589,"@magistratonta Mesma coisa aqui, to no 5¬∫ dia de amoxilina",0,0,1,0,45,"May 14, 2025 at 01:51 PM"
1922649053243806136,https://x.com/byuntaekwan/status/1922649053243806136,"@emibonniegf Bixa j√° te disse pra tomar ibuprofeno ou amoxilina tu n escuta, toma
Logo esses anti inflamat√≥rio sua baitola q d√≥i menos Kenga rea",0,0,1,0,10,"May 14, 2025 at 01:43 PM"
1922646945807344041,https://x.com/byuntaekwan/status/1922646945807344041,"@emibonniegf Pois ent√£o morra, ofereci solu√ß√£o, toma amoxilina √© anti inflamat√≥rio eu melhorei com ele a crise da garganta e com muito dipirona tbm",0,0,0,0,20,"May 14, 2025 at 01:35 PM"
1922473003826184303,https://x.com/bluemasnaoivy/status/1922473003826184303,"eu tentei com amoxilina mas depois fiquei com medo de ir de olavo msm e botei td pra fora

imagina ir pro hospital com no m√°ximo uma dor de barriga e ter q contar pq",1,0,0,0,53,"May 14, 2025 at 02:04 AM"
1922441017774526549,https://x.com/eduardaptz/status/1922441017774526549,@morcegass anos atr√°s eu tentei com amoxilina üòçüòç,0,0,0,0,48,"May 13, 2025 at 11:57 PM"
1922408624132882939,https://x.com/lguilherme_1/status/1922408624132882939,conhe√ßo um que tentou com amoxilina,1,0,0,0,86,"May 13, 2025 at 09:48 PM"
1922406382222885133,https://x.com/rickmnz_/status/1922406382222885133,"Quando eu era pvt uns 6 anos, eu gostava muito da amoxilina sabor morango, ae uma vez eu peguei uma cadeira subi no arm√°rio e peguei o frasco e virei essa porra todinho igual Danone‚Ä¶",4,0,0,0,335,"May 13, 2025 at 09:39 PM"
1922366789322711444,https://x.com/Moonarthr/status/1922366789322711444,"@morcegass N te julgo, eu tentei com amoxilina.",0,0,0,0,31,"May 13, 2025 at 07:02 PM"
1922294247362851320,https://x.com/pedrinhostdt/status/1922294247362851320,@gabirutinha_ amoxilina com clavulato,0,0,1,0,38,"May 13, 2025 at 02:13 PM"
1922061138981785812,https://x.com/MARCELLMENDS24/status/1922061138981785812,"@jaquecostah5 T√¥ na mesma; amoxilina, dipirona e coristina Dü•∫",0,0,0,0,19,"May 12, 2025 at 10:47 PM"
1922056740343848960,https://x.com/cypherfsntasy/status/1922056740343848960,tava me perguntando pq meu estomago ta doendo tanto nem deve ter a ver com a amoxilina de 8h em 8h ne,0,0,0,0,72,"May 12, 2025 at 10:30 PM"
1922030758375403544,https://x.com/tropicaliante/status/1922030758375403544,nossa nao levei a serio q amoxilina de bucho vazio irritava o est√¥mago e tomei por 7 dias e agr tudo q eu como e oq nao como deixa meu bucho queimando ardendo igual qnd bebo whisky,1,0,2,0,96,"May 12, 2025 at 08:46 PM"
1922027126233981440,https://x.com/2898_morales/status/1922027126233981440,Preciso de amoxilina,0,0,0,0,7,"May 12, 2025 at 08:32 PM"
1921967271636828296,https://x.com/louiselzfd/status/1921967271636828296,Amoxilina bissexual https://t.co/oMXtji1iwa,0,0,0,0,16,"May 12, 2025 at 04:34 PM"
1921958528413016134,https://x.com/mariluwhos/status/1921958528413016134,Ser√° que eu morro dps de ter tomado amoxilina sem descri√ß√£o medica? (Em defesa minha eu estava em desespero de dor de garganta,0,0,0,0,17,"May 12, 2025 at 03:59 PM"
1921925495785955717,https://x.com/snopider/status/1921925495785955717,"sempre que sinto que vou gripar eu des√ßo um cemegripe e um amoxilina, n√£o deito pra nenhuma gripe n bbs",0,0,0,0,90,"May 12, 2025 at 01:48 PM"
1921744554807492915,https://x.com/bypacifica/status/1921744554807492915,@lovequinnkid @wtfbunny_ Foi a amoxilina best,0,0,1,0,21,"May 12, 2025 at 01:49 AM"
1921744518283502018,https://x.com/bypacifica/status/1921744518283502018,@wtfbunny_ A√≠ gente foi a amoxilina,0,0,1,0,7,"May 12, 2025 at 01:49 AM"
1921716037646537069,https://x.com/louisvmnnlinda/status/1921716037646537069,√≥timo hor√°rio pra sentir os efeitos colaterais do amoxilina ü´†ü´†ü´†ü´†,1,0,0,0,41,"May 11, 2025 at 11:56 PM"
1921602872635990326,https://x.com/luasanjoan/status/1921602872635990326,"Tomei amoxilina, tilenol sinus e nimesulida, quero ver se essa sinusite n√£o cura kkk",0,0,0,0,66,"May 11, 2025 at 04:26 PM"
1921579340082413825,https://x.com/lennaadry/status/1921579340082413825,"‚Äúamoxilina,sand√°lia,til√°pia‚Äù LAKSKSKDKDKKD socorro muito bom",0,0,0,0,9,"May 11, 2025 at 02:53 PM"
1921569483778379792,https://x.com/JoaoAugu96/status/1921569483778379792,"J√° to aceitando que talvez eu fique dependente de dipirona loratadina amoxilina e citoprofeno pro resto da vida
E eu preocupado com canabis",1,0,0,0,18,"May 11, 2025 at 02:14 PM"
1921410534861099142,https://x.com/bypacifica/status/1921410534861099142,@wtfbunny_ √â a amoxilina,0,0,1,0,5,"May 11, 2025 at 03:42 AM"
1921334094245269548,https://x.com/bypacifica/status/1921334094245269548,Gente eu tava me matando a uma semana e n√£o tinha percebido!!!!!! 12 dias de amoxilina matam!!!,1,0,1,0,65,"May 10, 2025 at 10:38 PM"
1921251948818243867,https://x.com/lermancrack/status/1921251948818243867,130 reais a amoxilina pqp @LulaOficial vc prometeu https://t.co/zUF7GhWp4s,0,0,0,0,1,"May 10, 2025 at 05:12 PM"
1921235430860558784,https://x.com/wantsupras/status/1921235430860558784,"@wnderjubs Amg tomei benegripe, dipirona achei um amoxilina e to tomando tbm, preciso estar zerada at√© segunda",1,0,1,0,24,"May 10, 2025 at 04:06 PM"
1921156025308033168,https://x.com/lrjacobh/status/1921156025308033168,peguei uma infec√ß√£o de garganta num pa√≠s que a amoxilina s√≥ √© dada em caso de necrose na √°rea da infec√ß√£o,0,0,1,0,90,"May 10, 2025 at 10:51 AM"
1921048599036633525,https://x.com/suerodrigss/status/1921048599036633525,Amoxilina salvando minha pele mais uma vez,0,0,0,0,6,"May 10, 2025 at 03:44 AM"
1920999590620172448,https://x.com/hppy4dua/status/1920999590620172448,"meu sextou com dipirona, amoxilina e sopa. meu corpo todo ta doendo, minha garganta ta horr√≠vel e eu quero chorar",0,0,0,0,28,"May 10, 2025 at 12:29 AM"
1920892649105445183,https://x.com/oceantortured/status/1920892649105445183,@intentionsgpp medico me passou amoxilina e prednisona e nao passou lavagem nasal üò≠ vou fazer lavagem entao,0,0,0,0,29,"May 9, 2025 at 05:24 PM"
1920862358450102526,https://x.com/sapastess/status/1920862358450102526,"@normaxcrf amoxilina, xuxu",0,0,1,0,53,"May 9, 2025 at 03:24 PM"
1920857853952192529,https://x.com/oceantortured/status/1920857853952192529,"alguem aqui que tem sinusite pelo amor de deus me indica algo que √© tiro e queda, pq amoxilina nao ta fazendo efeito",3,0,2,0,155,"May 9, 2025 at 03:06 PM"
1920818945260466373,https://x.com/gaabitu/status/1920818945260466373,"Tomando cine gripe, amoxilina, ch√° de or√©gano com lim√£o e qualquer outra coisa que me falarem que √© bom, porque n√£o to aguentando mais",0,0,0,0,96,"May 9, 2025 at 12:31 PM"
1920774134981611974,https://x.com/bangtanistini/status/1920774134981611974,@bluehazz28_ mulher amoxilina √© com receita t√° doida?,0,0,1,0,13,"May 9, 2025 at 09:33 AM"
1920706103198777452,https://x.com/eduarda_falcone/status/1920706103198777452,J√° tomei logo uma amoxilina por conta da garganta,0,0,0,0,189,"May 9, 2025 at 05:03 AM"
1920612775572701676,https://x.com/bluehazz28_/status/1920612775572701676,"@bangtanistini toma amoxilina, a minha melhorou mas to com nariz ruim e mal estar",0,0,1,0,18,"May 8, 2025 at 10:52 PM"
1920600389449130250,https://x.com/SleeperPudding/status/1920600389449130250,bixo deve ta tomando amoxilina vai andar com tanto relogio assim la na pqp kkkkkkk,0,0,0,0,37,"May 8, 2025 at 10:03 PM"
1920594312150077567,https://x.com/Camiis008/status/1920594312150077567,hj eu s√≥ saio de casa se tiver open amoxilina  em algum lugar,0,0,1,0,126,"May 8, 2025 at 09:39 PM"
1920588369064587752,https://x.com/endreu__s/status/1920588369064587752,Hoje a base de amoxilina e decadron,0,0,0,0,1,"May 8, 2025 at 09:15 PM"
1920560655758758132,https://x.com/rayara_ecb/status/1920560655758758132,"Ficar doente vira esquema de pir√¢mide, dor na garganta (amoxilina, desametasona, hexamedine, streps,dipirona), come√ßo a sentir enjou e azia (vonal e magnezia), essa quantidade de rem√©dio forte atinge meu est√¥mago e me dar dor de barriga (omeprazol e floratil). N√£o aguento mais!!!",2,0,1,0,2,"May 8, 2025 at 07:25 PM"
1920408430562480559,https://x.com/zdudica/status/1920408430562480559,a amoxilina me fazendo mal j√° socorro,0,0,0,0,12,"May 8, 2025 at 09:20 AM"
1920262398516097269,https://x.com/toriavitv/status/1920262398516097269,@bunnytwinz_ amoxilina,0,0,1,0,22,"May 7, 2025 at 11:40 PM"
1920261635232456839,https://x.com/lkoold/status/1920261635232456839,"@choiarts A mofo, picadas de insetos e dois rem√©dios, dipirona e amoxilina",0,0,0,0,30,"May 7, 2025 at 11:37 PM"
1920136677017653709,https://x.com/marianawleite_/status/1920136677017653709,mas √© aquilo .. minha nossa senhora da amoxilina com clavulanato rogai por n√≥s!!!!!,0,0,0,0,81,"May 7, 2025 at 03:20 PM"
1920090137456710050,https://x.com/swtnesmiotela/status/1920090137456710050,viver de mio&amp;tela vai me render um atestado de vdd e inje√ß√£o de amoxilina cok diporina hj üò≠,0,0,0,0,160,"May 7, 2025 at 12:15 PM"
1920061321090945154,https://x.com/theamazingmathz/status/1920061321090945154,"hoje √© muita f√©, dipirona 1g 6h/5d, ibuprofeno 600mg 12h/5d e amoxilina 500mg 8h/7d",3,0,0,0,109,"May 7, 2025 at 10:21 AM"
1919967689872675018,https://x.com/nat_theof/status/1919967689872675018,"Cara, as crian√ßas tudo est√£o ficando doentinhas, resfriados, j√° t√¥ tacando amoxilina no Theo",0,0,0,0,37,"May 7, 2025 at 04:09 AM"
1919857302267425076,https://x.com/_wildeoscar/status/1919857302267425076,me entopindo de amoxilina pra ver se melhora,0,0,0,0,12,"May 6, 2025 at 08:50 PM"
1919800223351603222,https://x.com/silvskallyne/status/1919800223351603222,"posto foto mas ningu√©m nem imagina que to com uma dor de cabe√ßa infinita, sobrevivendo a base de amoxilina, benegrip e paracetamol",0,0,0,0,74,"May 6, 2025 at 05:03 PM"
1919753659304329330,https://x.com/swtnesmiotela/status/1919753659304329330,@souxmioto o meu s√≥ n√£o vai ser bezetacil pq eu tenho alergia mas um dipirona com amoxilina vem ai,0,0,0,0,98,"May 6, 2025 at 01:58 PM"
1919747416560902303,https://x.com/aanabrandt/status/1919747416560902303,@NiLaraaa A dor j√° veio amiga a√≠ eu tomo amoxilina kkkk,0,0,0,0,32,"May 6, 2025 at 01:33 PM"
1919746128972488741,https://x.com/sarasharon/status/1919746128972488741,"minha imunidade t√° a uma semana querendo abaixar, minha garganta doidinha por uma amoxilina, mas estou sendo resist√™ncia, n√£o me renderei",0,0,0,0,168,"May 6, 2025 at 01:28 PM"
1919685100049985642,https://x.com/dedessalt/status/1919685100049985642,"Taquei um amoxilina p dentro e espero q passe, sen√£o vou ter q entrar na benzetacil",0,0,0,0,98,"May 6, 2025 at 09:26 AM"
1919478514840908159,https://x.com/Gabriel52482221/status/1919478514840908159,T√¥ tomando rem√©dio amoxilina para tratamento da minha denti√ß√£o e ejacula√ß√£o precoce üòÅüòÅ https://t.co/upJcRt4MuF,0,0,0,0,67,"May 5, 2025 at 07:45 PM"
1919429052785369213,https://x.com/woosanlix/status/1919429052785369213,as vezes ter amiga m√©dica faz tudo por voce evitei passar horas no hospital s√≥ p pegar receita do amoxilina https://t.co/q9a9IKlxGX,0,0,0,0,138,"May 5, 2025 at 04:28 PM"
1919420878552526934,https://x.com/SergioJ55614863/status/1919420878552526934,"@nogueirajq Tylenol sinus 
Azitrimicina se estiver forte a sinusite 
Amoxilina se tiver moderado
Disso eu entendo! J√° sofri mt",0,0,0,0,32,"May 5, 2025 at 03:56 PM"
1919349451241529593,https://x.com/Sambrazillian/status/1919349451241529593,100 reais a amoxilina? vai se fuder porra,0,0,1,0,56,"May 5, 2025 at 11:12 AM"
1919340483576266789,https://x.com/amandaleal89/status/1919340483576266789,@majuxaro Tomar amoxilina,2,0,0,0,122,"May 5, 2025 at 10:36 AM"
1919211547299123233,https://x.com/bingobeijinho/status/1919211547299123233,odeio que amoxicilina se escreve amoxicilina e nao amoxilina,7,1,0,0,195,"May 5, 2025 at 02:04 AM"
1919198337007255595,https://x.com/adrielybelt/status/1919198337007255595,ser√° que eu posso tomar amoxilina com refrigerante de guaran√°?,0,0,0,0,7,"May 5, 2025 at 01:11 AM"
1919146878492443037,https://x.com/lalaa_zikaa/status/1919146878492443037,"como pode a amoxilina l√≠quida ser rosinha bonitinha e ter um gosto horr√≠vel, realmente as apar√™ncias enganam",0,0,0,0,38,"May 4, 2025 at 09:47 PM"
1919128630384366029,https://x.com/HelosaMelo8/status/1919128630384366029,"@fluzaoWS @phabiocastro @CasagrandeLRCM @grok Na pandemia eu Heloiza curei toda a minha fam√≠lia com sopas e paracetamol,tramadol e xarope de crian√ßa ezitromina gra√ßas n√£o morreu nenhum ficaram todos bons eu n√£o sou boba nen nada e mais √± peguei convide, ali√°s peguei bem depois a √¥micron e me curei com amoxilina",1,0,1,0,51,"May 4, 2025 at 08:34 PM"
1918920603651743870,https://x.com/Ju__MGomes/status/1918920603651743870,Minha garganta t√°: pelo amor de Deus para de beber cerveja e me d√° um amoxilina!!!!,0,0,0,0,35,"May 4, 2025 at 06:48 AM"
1918833685408665831,https://x.com/mendesxbrien/status/1918833685408665831,Eu sempre fazendo parte dos 1% que sofre dos efeitos colaterais da amoxilina ü´†,0,0,0,0,1,"May 4, 2025 at 01:02 AM"
1918796112619618607,https://x.com/eu_macrus/status/1918796112619618607,@ynbaa173 Amoxilina 8 em 8 horas,1,0,1,0,19,"May 3, 2025 at 10:33 PM"
1918711546835874000,https://x.com/pravcelola/status/1918711546835874000,@juslliana ah pelo amor de deus üò≠ ultima vez q eu fui nao tive febre mas a medica mandou logo a amoxilina,1,0,1,0,48,"May 3, 2025 at 04:57 PM"
1918698731425223148,https://x.com/Lucashtts1/status/1918698731425223148,@wmontanha @DrBrunoGino A bula da Dipirona e da Amoxilina diz a mesma coisa. Voc√™ n√£o deixa de tomar por isso n√©?,14,0,0,0,332,"May 3, 2025 at 04:06 PM"
1918672542698504588,https://x.com/sabinok12/status/1918672542698504588,"tem uma amoxilina aqui, porem eu tenho mt medo de tomar antibi√≥tico pq diminui a efic√°cia do anticoncepcional prefiro tomar benzetacil",0,0,0,0,73,"May 3, 2025 at 02:22 PM"
1918653302813659345,https://x.com/rogueInParis/status/1918653302813659345,n aguento mais toma amoxilina,0,0,0,0,66,"May 3, 2025 at 01:06 PM"
1918443096662249670,https://x.com/sary_rasgaku/status/1918443096662249670,ser√° q faz mal misturar amoxilina com dipirona e coca cola,0,0,1,0,24,"May 2, 2025 at 11:10 PM"
1918436839494484334,https://x.com/_tmermaid/status/1918436839494484334,Sobrevivendo de amoxilina e dipirona,0,0,0,0,37,"May 2, 2025 at 10:46 PM"
1918379230905479388,https://x.com/o_enzinho/status/1918379230905479388,@alulu_cie ja to todo fodido deitado na cama olhando pro teto com um bloco de gelo na cara tomando amoxilina dexa e arflex,0,0,1,0,33,"May 2, 2025 at 06:57 PM"
1918369055209120190,https://x.com/aguiar_kamilyy/status/1918369055209120190,N√ÉO AMOXILINA DE NOVO N√ÉO üò≠üò≠üò≠üò≠,0,0,0,0,8,"May 2, 2025 at 06:16 PM"
1918359030910664765,https://x.com/batlakers/status/1918359030910664765,"@camarada_wood compra um neosoro, lim√£ozinho com mel pra garganta e vitamina C. Se tiver inflamada √© ibuprofeno, paracetamol, ou se tiver mt fodido √© amoxilina(antibiotico acho que precisa de prescri√ß√£o). Se tiver com o corpo febril √© dipirona e toma um banho depois. Melhoras camarada",0,0,0,0,206,"May 2, 2025 at 05:36 PM"
1918340987652305284,https://x.com/Dejavu1619/status/1918340987652305284,@paulodetarsog Est√° faltando medicamentos no SUS.AMOXILINA NO POSTOS DE S√ÉO BERNARDO DO CAMPO.,1,0,0,0,16,"May 2, 2025 at 04:25 PM"
1918239991311819236,https://x.com/LuannaLopes01/status/1918239991311819236,Eu n√£o aguento mais ver amoxilina na minha frente üòì,0,0,0,0,26,"May 2, 2025 at 09:43 AM"
1918144753973039548,https://x.com/notmwria/status/1918144753973039548,@badgalasy amoxilina ou nimesulida,0,0,0,0,72,"May 2, 2025 at 03:25 AM"
1918142798081015918,https://x.com/RxVictinho/status/1918142798081015918,@callsmegiorgio_ SALVE SALVE AMOXILINA PDAKSOPKDPO,0,0,0,0,16,"May 2, 2025 at 03:17 AM"
1918120663589564764,https://x.com/UmDiaVouSerRica/status/1918120663589564764,Colocaram o tusca e o inter na mesma data de novo üò≠,0,0,0,0,77,"May 2, 2025 at 01:49 AM"
1918111528554803688,https://x.com/steziinhaaaaaa/status/1918111528554803688,"@sowhysammys @choquei Sim, cmg o m√©dico disse que era alergia, mas a dentista falou que era a pasta, e eu parei de usar, tomei amoxilina por alguns dias e foi melhorando ü•π",0,0,0,0,70,"May 2, 2025 at 01:13 AM"
1918089409792036872,https://x.com/melcerejebs/status/1918089409792036872,mds tomei um amoxilina forta pra caralho t√¥ toda zonzaa,0,0,0,0,15,"May 1, 2025 at 11:45 PM"
1918084697210683555,https://x.com/manuelafariasm/status/1918084697210683555,crise al√©rgica a amoxilina eu te odeio,0,0,0,0,38,"May 1, 2025 at 11:26 PM"
1917836688216449519,https://x.com/eudannielx/status/1917836688216449519,tomei um ibruprofeno ser√° q resolve?? (√∫ltima vez tive q comprar q porr de uma amoxilina 39 conto,0,0,0,0,33,"May 1, 2025 at 07:01 AM"
1917764523920089315,https://x.com/heetianz/status/1917764523920089315,estou tomando amoxilina benzadeus üôèüèªüôèüèªüôèüèªüôèüèªüôèüèªüôèüèª e os farmaceuticos,1,0,0,0,80,"May 1, 2025 at 02:14 AM"
1917763993852060037,https://x.com/LV34434296/status/1917763993852060037,Cerveja e amoxilina. Duvido que eu n√£o fico bom agora.,0,0,0,0,24,"May 1, 2025 at 02:12 AM"
1917761441077121388,https://x.com/no1likematzs/status/1917761441077121388,@ikuowsk sempre sera amoxilina,0,0,0,0,23,"May 1, 2025 at 02:02 AM"
1917654422676516902,https://x.com/joelskiddo_/status/1917654422676516902,"Azia do c√£aaaaaaaaao

Obg pelos mimos amoxilina üôèüèª",0,0,0,0,16,"April 30, 2025 at 06:56 PM"
1917622326964769120,https://x.com/vitoians/status/1917622326964769120,"Vamos de checklist do dia com uma virose de brinde? 

Venlafaxin 225mg ‚úÖ
Depakene 500mg ‚úÖ
Cognicx ‚úÖ
Rivotril 1,5mg ‚úÖ 
Resfrenol 400mg ‚úÖ
Vitamina C ‚úÖ 
Dramin as gota que tinha ‚úÖ
Amoxilina ‚úÖ",0,0,1,0,346,"April 30, 2025 at 04:49 PM"
1917385212461265373,https://x.com/scarletshwn/status/1917385212461265373,men√ß√£o honrosa a amoxilina,0,0,0,0,36,"April 30, 2025 at 01:07 AM"
1917379141822996499,https://x.com/HAIZS4TAN/status/1917379141822996499,"minha lista de rem√©dios favoritos em ordem

naridrin
sorrisal
dramim
dipirona 
amoxilina l√≠quida",0,0,1,2,597,"April 30, 2025 at 12:43 AM"
1917330811994390819,https://x.com/jlaram12/status/1917330811994390819,"Ketarolaco y amoxilina a jugar.
Que no mame, Carioca. ü§£",11,0,1,0,2344,"April 29, 2025 at 09:31 PM"
1917328646009745653,https://x.com/vviolivv/status/1917328646009745653,e pra janta amoxilina com raspas de ibuprofeno e de sobremesa uma prednisolona com creme de anticoncepcional,1,0,1,0,81,"April 29, 2025 at 09:22 PM"
1917306864989098469,https://x.com/reis_mateusf/status/1917306864989098469,"Que vida ruim deve ser de quem n√£o aprecia um bom futebol jogado

A maior inven√ß√£o do homem junto com amoxilina e √°gua quente em um gr√£o verde chamado caf√©",2,0,0,0,57,"April 29, 2025 at 07:55 PM"
1917283700934381602,https://x.com/claratavares26/status/1917283700934381602,n√£o sabia qe Amoxilina deixava manchas as toalinhas do Th fico horrivel rosaüò°üò°,0,0,0,0,109,"April 29, 2025 at 06:23 PM"
1917163426247328121,https://x.com/burguesinha032/status/1917163426247328121,Peguei um Uber tava com ar ligado o carro com aql cheiro de Amoxilina ü§¢ü§¢ü§¢ü§¢,0,0,0,0,8,"April 29, 2025 at 10:25 AM"
1917163248442294310,https://x.com/burguesinha032/status/1917163248442294310,S√≥ eu q sinto cheiro do suor de Amoxilina?,0,0,0,0,4,"April 29, 2025 at 10:25 AM"
1917026598613664133,https://x.com/UmDiaVouSerRica/status/1917026598613664133,O que adianta eu preparar comida para semana se depois eu n√£o vou querer comer minha pr√≥pria comida,0,0,0,0,61,"April 29, 2025 at 01:22 AM"
1916934094253928498,https://x.com/carolinemssi/status/1916934094253928498,"mt bom trabalhar em clinica medica, meu ouvido doeu 3 dias e eu fui passar com medica particular sem pagar üòç ainda me receitaram amoxilina ü•≥",0,0,0,0,12,"April 28, 2025 at 07:14 PM"
1916717510927253590,https://x.com/whatchaerin/status/1916717510927253590,"Puta merda dor demais na cabe√ßa e no nariz n√£o aguento maaaaaais, foram 7 dias de amoxilina",0,0,0,0,79,"April 28, 2025 at 04:54 AM"
1916581373445316703,https://x.com/50centavinhos/status/1916581373445316703,@KWS1993 @franjadatidinha 1 amoxilina + 1 skol beats + 1 ta√ßa champagne = minha janta,0,0,0,0,13,"April 27, 2025 at 07:53 PM"
1916539639361409457,https://x.com/b3niz55/status/1916539639361409457,@foibeniz @reumalho E amoxilina,0,0,0,0,22,"April 27, 2025 at 05:07 PM"
1916498538659303477,https://x.com/ktaeri_/status/1916498538659303477,"acordei √≥tima pois ontem tomei amoxilina, Benegrip,chupei 10 pastilhas, pinguei rem√©dio no ouvido,tomei ch√° de alho e fiz nebuliza√ß√£o. üó£Ô∏è https://t.co/RZGDBUURap",3,0,0,0,154,"April 27, 2025 at 02:23 PM"
1916320866754798033,https://x.com/mwm_breno/status/1916320866754798033,"@moicanoufc renato, apostei os titulos divida da minha vo no chechel e agora nao sobrou nada pra comprar a amoxilina da velha que ta com pneumonia, vou ter que fazer o L lentamente",5,0,0,0,897,"April 27, 2025 at 02:37 AM"
1916290792341098505,https://x.com/chansart0325/status/1916290792341098505,"@Hepta7bi2 @itsaflecha @fvguima ja fui uma crian√ßa viciada em amoxilina sabor morando e melagri√£o, minha m√£e confiou demais q eu nao iria virar uma dose de remedio de meia em meia hora, mas ela percebeu e acabou a alegria üòî",2,0,0,0,65,"April 27, 2025 at 12:38 AM"
1916287890314715381,https://x.com/predigertalita_/status/1916287890314715381,amoxilina de 1000mg j√° virou minha companheira da noite,2,0,1,0,89,"April 27, 2025 at 12:26 AM"
1916259550786695560,https://x.com/jmazkii/status/1916259550786695560,L√° vai eu toma rem√©dio de gripe pela 50 vez esse ano e amoxilina pq minha garganta n√£o aguentou mais a√ßafr√£o,0,0,0,0,30,"April 26, 2025 at 10:34 PM"
1916161417423503771,https://x.com/bru_it/status/1916161417423503771,"Preciso de amoxilina, √∫nica coisa que n√£o tem aqui em casa, dos rem√©dios que o m√©dico receitou!!

Essa sinusite fez moradia , t√° loco.",0,0,1,0,55,"April 26, 2025 at 04:04 PM"
1916152493077139787,https://x.com/rloyola4/status/1916152493077139787,"Mds tinha amoxilina com clavulanato na clinica da familia, esse rem√©dio √© quase 200 reais e eu ja tava chorando, viva o sus sabe üò≠",1,0,0,0,67,"April 26, 2025 at 03:28 PM"
1916137827815031026,https://x.com/silva_prc/status/1916137827815031026,Vou comprar amoxilina p essas crian√ßas hojeeee,0,0,0,0,83,"April 26, 2025 at 02:30 PM"
1916135502488744373,https://x.com/D3abreu/status/1916135502488744373,"Eu acho incr√≠vel, a capacidade do meu corpo conseguir senti todos os efeitos colaterais da maioria dos rem√©dios, tipo poha tomei amoxilina pra dor na garganta, e agora t√¥ com n√°usea, v√¥mito e diarreia se e louco compensava mais fica com dor na garganta",0,0,0,0,88,"April 26, 2025 at 02:21 PM"
1916108627305185575,https://x.com/bulacio_jimena/status/1916108627305185575,Tome la amoxilina y parece que me di un saque de lo est√∫pida y el sue√±o que tengo,0,0,0,0,35,"April 26, 2025 at 12:34 PM"
1916096954439762011,https://x.com/tesmanchego/status/1916096954439762011,"@grok @DoctorSITHo Ya est√° bien con el antibi√≥tico! La amoxilina 10 d√≠as cada 8h y como nuevo. 

Vete a tomar por el lado oscuro @grok",2,0,0,0,19,"April 26, 2025 at 11:48 AM"
1915909789760053574,https://x.com/_flaviaprata/status/1915909789760053574,"Fui na farm√°cia do bairro comprar um rem√©dio. 
A mo√ßa do balc√£o: ‚Äúvc t√° com de dente?‚Äù. Respondi que sim. 
A outra atendente escutou e me ensinou um rem√©dio caseiro (√°gua morna e sal).
Veio um cliente e me indicou uma dentista.
A menina do caixa me falou pra tomar amoxilina e me deu o endere√ßo de uma farm√°cia que vende sem receita. 
Eu ‚ù§Ô∏è BH!",14,1,1,0,407,"April 25, 2025 at 11:24 PM"
1915895370682351897,https://x.com/bia_pocahy/status/1915895370682351897,"Amoxilina t√° come√ßando a me deixar na m√£o com a minha amigdalite, mas nada que uma benzetacil n√£o resolva",0,0,0,0,42,"April 25, 2025 at 10:27 PM"
1915820751770288585,https://x.com/andrefranc4/status/1915820751770288585,"Efeito Mandela:

Com quantos anos voc√™ descobriu que o medicamento chama-se: amoxiCIlina e ano amoXilina?",0,0,0,0,36,"April 25, 2025 at 05:30 PM"
1915785622205112523,https://x.com/Vick_mari123/status/1915785622205112523,"@licemares Minha Lala tb estava assim e descobrimos no √∫ltimo domingo que ela est√° com broncopneumonia, est√° tomando amoxilina e alguns outros medicamentos. Infelizmente essa √©poca do ano √© mt prop√≠cio de acontecer e elas que s√£o pequenas sofrem logo!",0,0,1,0,40,"April 25, 2025 at 03:11 PM"
1915737878971195807,https://x.com/cajuveludo/status/1915737878971195807,@vanessinhaarr mulher toma amoxilina e faz gargarejo com vinagre de ma√ß√£,0,0,1,0,25,"April 25, 2025 at 12:01 PM"
1915685567053938944,https://x.com/maaiagi/status/1915685567053938944,tomando code√≠na e amoxilina pq o feriado me fez bem demais !!!!!,0,0,1,0,73,"April 25, 2025 at 08:33 AM"
1915533722981462165,https://x.com/uJujuliano/status/1915533722981462165,"@lucasinutilismo √© pq acontece igual no monster hunter lucas, os monstros brigam pelo terreno igual o alcool e a amoxilina

no final c da um mij√£o e sai os dois se embolando na porrada pela uretra",1,0,0,0,510,"April 24, 2025 at 10:30 PM"
1915517367842410541,https://x.com/jaehyunzika/status/1915517367842410541,max tem que abrir o cu e falar que nao vai sair da rbr cara mds do ceu PAREM ele ja deu feche nos cara mandando cortar o assunto e o povo adora uma fuzarca,0,0,0,0,40,"April 24, 2025 at 09:25 PM"
1915501478279565547,https://x.com/jaehyunzika/status/1915501478279565547,to muito irritada hj o dia todo tudo ta me irritando,0,0,0,0,44,"April 24, 2025 at 08:21 PM"
1915498734315581638,https://x.com/7bcxx/status/1915498734315581638,t√¥ aqui reclamando de moleza no corpo mas tamb√©m tomei 12 nimesulida 2 amoxilina 7 paracetamol 8 dorflex,2,0,1,0,294,"April 24, 2025 at 08:11 PM"
1915496589491146921,https://x.com/elmundoesglamur/status/1915496589491146921,"@Farmaenfurecida Amoxilina 500 
1 c√°psula cada 8 horas 2 d√≠as 
Ibuprofeno 600
1 c√°psula cada 8 horas 4 d√≠as 
Y ya...",0,0,0,0,65,"April 24, 2025 at 08:02 PM"
1915490936328523901,https://x.com/jaehyunzika/status/1915490936328523901,@yooncits oi biboto,0,0,0,0,9,"April 24, 2025 at 07:40 PM"
1915490889817809277,https://x.com/jaehyunzika/status/1915490889817809277,to super mega intolerante nao falem cmg nao me mandem reels nao me mostrem coisas nao me interrompam nao encostem em mim nao me irritem nao me alegrem https://t.co/E9Fg6xtHGF,0,0,0,0,49,"April 24, 2025 at 07:39 PM"
1915489589759709587,https://x.com/jaehyunzika/status/1915489589759709587,@madiecedes gracas a Deus,0,0,0,0,15,"April 24, 2025 at 07:34 PM"
1915489528489349449,https://x.com/jaehyunzika/status/1915489528489349449,@Midzy_le2020 nojento,1,0,0,0,14,"April 24, 2025 at 07:34 PM"
1915489447581254067,https://x.com/jaehyunzika/status/1915489447581254067,@twinkoobi ‚Äúcrente‚Äù envergonhando o evangelho de Cristo,1,0,0,0,14,"April 24, 2025 at 07:34 PM"
1915469556971102465,https://x.com/eu_macrus/status/1915469556971102465,"Uma benzetacil, uma amoxilina, 2 benegripe quero ver essa inflama√ß√£o na garganta n√£o sarar",0,0,0,0,29,"April 24, 2025 at 06:15 PM"
1915442601320186223,https://x.com/andressaholand/status/1915442601320186223,"Eu amo Bras√≠lia, mas o clima inst√°vel deste lugar est√° me matando!! 10 dias tomando amoxilina fiquei boa a√≠ 2 semanas dps doente de novo da garganta, mas que caraiiii! T√¥ estressada! Sem condi√ß√µes!",1,0,0,0,36,"April 24, 2025 at 04:27 PM"
1915430557615263901,https://x.com/jaehyunzika/status/1915430557615263901,@madiecedes se essa pessoa for voce eu tenho msm!,0,0,1,0,16,"April 24, 2025 at 03:40 PM"
1915425745725247744,https://x.com/jaehyunzika/status/1915425745725247744,adivinha quem vai almocar fil√© ao molho com penne  https://t.co/dOc2RelGzA,0,0,1,0,70,"April 24, 2025 at 03:20 PM"
1915423938986885162,https://x.com/jaehyunzika/status/1915423938986885162,@madiecedes so qm copia,0,0,1,0,25,"April 24, 2025 at 03:13 PM"
1915422972522746366,https://x.com/jaehyunzika/status/1915422972522746366,"miseric√≥rdia parem a produ√ß√£o de bolo de queijo essa merda eh uma das piores atrocidades criada pela ra√ßa humana eu sempre vou comer um bolo de laranja delicioso coloco na boca NAO EH DE LARANJA EH DE QUEIJO ESSA MIZERA 
plmrds PAREM PAREM",0,0,0,0,52,"April 24, 2025 at 03:09 PM"
1915421605758369983,https://x.com/jaehyunzika/status/1915421605758369983,oh coisa ridicula,3,0,3,0,161,"April 24, 2025 at 03:04 PM"
1915421056392691811,https://x.com/jaehyunzika/status/1915421056392691811,e a do alonso seculo retrasado,2,1,1,0,173,"April 24, 2025 at 03:02 PM"
1915420028762996924,https://x.com/jaehyunzika/status/1915420028762996924,@YehPabo vive caindo parando o pessoal da comunidade bookstans vivem reclamando dele tbm,1,0,1,0,27,"April 24, 2025 at 02:58 PM"
1915418977091674284,https://x.com/jaehyunzika/status/1915418977091674284,@YehPabo o app sempre cai,1,0,1,0,30,"April 24, 2025 at 02:54 PM"
1915418946854879732,https://x.com/jaehyunzika/status/1915418946854879732,@YAWN22N to vendo a hora vc pegar uma infec√ß√£o de tanta tinta,0,0,1,0,13,"April 24, 2025 at 02:53 PM"
1915418862280990830,https://x.com/JoanaLe76113478/status/1915418862280990830,"@estrela1507 Deve ser rinotraque√≠te.  Dois gatinhos da rua que eu cuido estavam, o nariz estava at√© escorrendo.   Dei Amoxilina com clavulanato, um j√° sarou .  O outro j√° est√° melhor, mas vai tomar mais 2 dias",1,0,1,0,15,"April 24, 2025 at 02:53 PM"
1915334711347466407,https://x.com/jaehyunzika/status/1915334711347466407,@YAWN22N AVHEI ESSE LINDOOOO,0,0,1,0,11,"April 24, 2025 at 09:19 AM"